<guiskin name="test skin" texture="guiskin.png">
    <buttonNormal>
        <left>
            <imageCoord>0,0,32,64</imageCoord>
        </left>
        <middle>
            <imageCoord>32,0,96,64</imageCoord>
        </middle>
        <right>
            <imageCoord>96,0,128,64</imageCoord>
        </right>
    </buttonNormal>
    <buttonPressed>
        <left>
            <imageCoord>0,64,32,128</imageCoord>
        </left>
        <middle>
            <imageCoord>32,64,96,128</imageCoord>
        </middle>
        <right>
            <imageCoord>96,64,128,128</imageCoord>
        </right>
    </buttonPressed>
    <checkBox>
        <unchecked>
            <imageCoord>128,128,192,192</imageCoord>
        </unchecked>
        <checked>
            <imageCoord>192,128,256,192</imageCoord>
        </checked>
    </checkBox>
    <menuPane>
        <imageCoord>128,0,256,128</imageCoord>
    </menuPane>
    <sunkenPane>
        <imageCoord>0,288,128,416</imageCoord>
    </sunkenPane>
    <tabBody>
        <imageCoord>256,32,384,160</imageCoord>
    </tabBody>
    <tabButton>
        <active>
            <imageCoord>256,0,320,32</imageCoord>
        </active>
        <inactive>
            <imageCoord>320,0,384,32</imageCoord>
        </inactive>
    </tabButton>
    <toolBar>
        <left>
            <imageCoord>0,416,32,448</imageCoord>
        </left>
        <middle>
            <imageCoord>32,416,160,448</imageCoord>
        </middle>
        <right>
            <imageCoord>160,416,192,448</imageCoord>
        </right>
    </toolBar>
    <window>
        <upperLeftCorner>
            <imageCoord>0,128,8,136</imageCoord>
        </upperLeftCorner>
        <upperRightCorner>
            <imageCoord>120,128,128,136</imageCoord>
        </upperRightCorner>
        <lowerLeftCorner>
            <imageCoord>0,248,8,256</imageCoord>
        </lowerLeftCorner>
        <lowerRightCorner>
            <imageCoord>120,248,128,256</imageCoord>
        </lowerRightCorner>
        <upperEdge>
            <imageCoord>8,128,120,136</imageCoord>
        </upperEdge>
        <lowerEdge>
            <imageCoord>8,248,120,256</imageCoord>
        </lowerEdge>
        <leftEdge>
            <imageCoord>0,136,8,248</imageCoord>
        </leftEdge>
        <rightEdge>
            <imageCoord>120,136,128,248</imageCoord>
        </rightEdge>
        <interior tile="false">
            <imageCoord>8,136,120,248</imageCoord>
        </interior>
        <titleBar>
            <imageCoord>0,256,128,288</imageCoord>
        </titleBar>
    </window>
</guiskin>