-- MySQL Administrator dump 1.4
--
-- ------------------------------------------------------
-- Server version	5.0.67-community-nt


/*!40101 SET @OLD_CHARACTER_SET_CLIENT=@@CHARACTER_SET_CLIENT */;
/*!40101 SET @OLD_CHARACTER_SET_RESULTS=@@CHARACTER_SET_RESULTS */;
/*!40101 SET @OLD_COLLATION_CONNECTION=@@COLLATION_CONNECTION */;
/*!40101 SET NAMES utf8 */;

/*!40014 SET @OLD_UNIQUE_CHECKS=@@UNIQUE_CHECKS, UNIQUE_CHECKS=0 */;
/*!40014 SET @OLD_FOREIGN_KEY_CHECKS=@@FOREIGN_KEY_CHECKS, FOREIGN_KEY_CHECKS=0 */;
/*!40101 SET @OLD_SQL_MODE=@@SQL_MODE, SQL_MODE='NO_AUTO_VALUE_ON_ZERO' */;


--
-- Create schema warbugs
--

CREATE DATABASE IF NOT EXISTS warbugs;
USE warbugs;

--
-- Definition of table `bolsa`
--

DROP TABLE IF EXISTS `bolsa`;
CREATE TABLE `bolsa` (
  `BSID` int(11) NOT NULL,
  `BSX` float default NULL,
  `BSY` float default NULL,
  `BSZ` float default NULL,
  `CNID` int(11) default NULL,
  PRIMARY KEY  (`BSID`),
  KEY `CNID` (`CNID`),
  CONSTRAINT `bolsa_ibfk_1` FOREIGN KEY (`CNID`) REFERENCES `cenario` (`CNID`)
) ENGINE=InnoDB DEFAULT CHARSET=latin1;

--
-- Dumping data for table `bolsa`
--

/*!40000 ALTER TABLE `bolsa` DISABLE KEYS */;
/*!40000 ALTER TABLE `bolsa` ENABLE KEYS */;


--
-- Definition of table `cenario`
--

DROP TABLE IF EXISTS `cenario`;
CREATE TABLE `cenario` (
  `CNID` int(11) NOT NULL,
  `CNNOME` varchar(30) default NULL,
  `CNIDMODELO` int(11) default NULL,
  `CNIDTEXTURA` int(11) default NULL,
  `CNISVILA` tinyint(1) default '0',
  `CNRACA` int(11) default '0',
  PRIMARY KEY  (`CNID`)
) ENGINE=InnoDB DEFAULT CHARSET=latin1;

--
-- Dumping data for table `cenario`
--

/*!40000 ALTER TABLE `cenario` DISABLE KEYS */;
INSERT INTO `cenario` (`CNID`,`CNNOME`,`CNIDMODELO`,`CNIDTEXTURA`,`CNISVILA`,`CNRACA`) VALUES 
 (0,'CENARIO 0',0,0,0,0),
 (1,'Cenario1',1,1,1,3),
 (2,'Cenario2',2,2,0,0);
/*!40000 ALTER TABLE `cenario` ENABLE KEYS */;


--
-- Definition of table `drop_item`
--

DROP TABLE IF EXISTS `drop_item`;
CREATE TABLE `drop_item` (
  `DPID` int(10) unsigned NOT NULL auto_increment,
  `PGID` int(10) unsigned NOT NULL,
  `ITID` int(10) unsigned NOT NULL,
  `DPCHANCE` float NOT NULL,
  PRIMARY KEY  (`DPID`)
) ENGINE=InnoDB AUTO_INCREMENT=38 DEFAULT CHARSET=latin1;

--
-- Dumping data for table `drop_item`
--

/*!40000 ALTER TABLE `drop_item` DISABLE KEYS */;
INSERT INTO `drop_item` (`DPID`,`PGID`,`ITID`,`DPCHANCE`) VALUES 
 (1,5,1,0.005),
 (2,5,14,0.005),
 (3,5,26,0.005),
 (4,5,29,50),
 (5,6,13,0.005),
 (6,6,25,0.01),
 (7,6,28,50),
 (8,7,8,0.005),
 (9,7,20,0.01),
 (10,7,35,50),
 (11,8,2,0.005),
 (12,8,15,0.005),
 (13,8,30,50),
 (14,9,3,0.005),
 (15,9,16,0.005),
 (16,9,31,50),
 (17,10,4,0.005),
 (18,10,17,0.01),
 (19,10,32,50),
 (20,11,6,0.005),
 (21,11,18,0.01),
 (22,11,33,50),
 (23,12,7,0.005),
 (24,12,19,0.01),
 (25,12,34,0.001),
 (26,13,10,0.005),
 (27,13,22,0.01),
 (28,13,37,50),
 (29,14,9,0.005),
 (30,14,21,0.01),
 (31,14,36,100),
 (32,15,11,0.005),
 (33,15,23,0.01),
 (34,15,38,100),
 (35,17,12,0.005),
 (36,17,24,0.01),
 (37,17,39,100);
/*!40000 ALTER TABLE `drop_item` ENABLE KEYS */;


--
-- Definition of table `item_negociado`
--

DROP TABLE IF EXISTS `item_negociado`;
CREATE TABLE `item_negociado` (
  `INID` int(10) unsigned NOT NULL auto_increment,
  `IRID` int(11) default NULL,
  `PCID` int(11) default NULL,
  `PGID` int(11) default NULL,
  `BSID` int(11) default NULL,
  `ITID` int(11) default NULL,
  `IRDURABILIDADE` int(11) default NULL,
  `IRVALBONUS1` int(11) default NULL,
  `IRVALBONUS2` int(11) default NULL,
  `IRVALBONUS3` int(11) default NULL,
  `IRVALBONUS4` int(11) default NULL,
  `IRVALBONUS5` int(11) default NULL,
  `IRVALBONUS6` int(11) default NULL,
  PRIMARY KEY  (`INID`)
) ENGINE=InnoDB DEFAULT CHARSET=latin1;

--
-- Dumping data for table `item_negociado`
--

/*!40000 ALTER TABLE `item_negociado` DISABLE KEYS */;
/*!40000 ALTER TABLE `item_negociado` ENABLE KEYS */;


--
-- Definition of table `item_relacional`
--

DROP TABLE IF EXISTS `item_relacional`;
CREATE TABLE `item_relacional` (
  `IRVALBONUS1` int(11) default '0',
  `IRDURABILIDADE` int(11) default '0',
  `IRVALBONUS6` int(11) default '0',
  `IRVALBONUS5` int(11) default '0',
  `IRVALBONUS4` int(11) default '0',
  `IRVALBONUS3` int(11) default '0',
  `IRVALBONUS2` int(11) default '0',
  `ITID` int(11) default NULL,
  `PGID` int(11) default NULL,
  `BSID` int(11) default NULL,
  `IRID` int(11) unsigned NOT NULL auto_increment,
  `PCID` int(11) default NULL,
  PRIMARY KEY  (`IRID`),
  KEY `ITID` (`ITID`),
  KEY `PGID` (`PGID`),
  KEY `BSID` (`BSID`),
  CONSTRAINT `item_relacional_ibfk_1` FOREIGN KEY (`ITID`) REFERENCES `itembase` (`ITID`),
  CONSTRAINT `item_relacional_ibfk_3` FOREIGN KEY (`BSID`) REFERENCES `bolsa` (`BSID`)
) ENGINE=InnoDB DEFAULT CHARSET=latin1;

--
-- Dumping data for table `item_relacional`
--

/*!40000 ALTER TABLE `item_relacional` DISABLE KEYS */;
/*!40000 ALTER TABLE `item_relacional` ENABLE KEYS */;


--
-- Definition of table `itembase`
--

DROP TABLE IF EXISTS `itembase`;
CREATE TABLE `itembase` (
  `ITID` int(11) NOT NULL,
  `ITNIVELMAGICO` int(11) default NULL,
  `ITDURABILIDADE` int(11) default NULL,
  `ITNOME` varchar(30) default NULL,
  `ITDESCRICAO` varchar(200) default NULL,
  `ITALCANCE` int(11) default NULL,
  `ITVELOCIDADE` int(11) default NULL,
  `ITDROPAVEL` tinyint(1) default NULL,
  `ITRACA` int(11) default NULL,
  `ITDANOMAX` int(11) default NULL,
  `ITDANOMIN` int(11) default NULL,
  `ITMODIFICADOR` int(11) default NULL,
  `ITVALOR` int(11) default NULL,
  `ITDEFESA` int(11) default NULL,
  `ITISTEMP` tinyint(1) default NULL,
  `ITDURACAO` int(11) default NULL,
  `ITTIPO` int(11) default NULL,
  `ITLEALARANHA` int(11) default NULL,
  `ITLEALESCORPIAO` int(11) default NULL,
  `ITLEALLOUVA` int(11) default NULL,
  `ITLEALVESPA` int(11) default NULL,
  `ITLEALBESOURO` int(11) default NULL,
  `ITIDMODELO` int(11) default NULL,
  `ITIDTEXTURA` int(11) default NULL,
  `ITTIPOUSO` int(11) default NULL,
  `ITPRECO` int(11) default NULL,
  `ITIDTIPOITEM` int(11) default NULL,
  `ITIDHUD` int(11) default NULL,
  PRIMARY KEY  (`ITID`)
) ENGINE=InnoDB DEFAULT CHARSET=latin1;

--
-- Dumping data for table `itembase`
--

/*!40000 ALTER TABLE `itembase` DISABLE KEYS */;
INSERT INTO `itembase` (`ITID`,`ITNIVELMAGICO`,`ITDURABILIDADE`,`ITNOME`,`ITDESCRICAO`,`ITALCANCE`,`ITVELOCIDADE`,`ITDROPAVEL`,`ITRACA`,`ITDANOMAX`,`ITDANOMIN`,`ITMODIFICADOR`,`ITVALOR`,`ITDEFESA`,`ITISTEMP`,`ITDURACAO`,`ITTIPO`,`ITLEALARANHA`,`ITLEALESCORPIAO`,`ITLEALLOUVA`,`ITLEALVESPA`,`ITLEALBESOURO`,`ITIDMODELO`,`ITIDTEXTURA`,`ITTIPOUSO`,`ITPRECO`,`ITIDTIPOITEM`,`ITIDHUD`) VALUES 
 (1,0,20,'Buzina',NULL,50,1,0,2,5,1,0,0,0,0,0,1,0,0,0,0,0,0,0,0,0,0,0),
 (2,0,20,'Varinha',NULL,50,2,0,2,4,3,0,0,0,0,0,1,0,0,0,0,0,1,1,0,0,1,1),
 (3,0,20,'Soco Mágico',NULL,10,0,0,2,7,3,0,0,0,0,0,1,0,0,0,0,0,2,2,0,0,2,2),
 (4,0,20,'Bazuca',NULL,100,0,0,3,10,1,5,0,0,0,0,1,0,0,0,0,0,3,3,0,0,3,3),
 (5,0,20,'Martelo de Guerra',NULL,0,0,0,3,0,0,0,0,0,0,0,1,0,0,0,0,0,4,4,0,0,4,4),
 (6,0,20,'Metralhadora Quad Giratória',NULL,50,1,0,3,5,0,4,0,0,0,0,1,0,0,0,0,0,5,5,0,0,5,5),
 (7,0,20,'Maça Estrela',NULL,0,0,0,3,5,1,4,0,0,0,0,1,0,0,0,0,0,6,6,0,0,6,6),
 (8,0,20,'Katana',NULL,0,3,0,4,2,1,4,0,0,0,0,1,0,0,0,0,0,7,7,0,0,7,7),
 (9,0,20,'Lançador de Dardos',NULL,50,5,0,4,3,2,2,0,0,0,0,1,0,0,0,0,0,8,8,0,0,8,8),
 (10,0,20,'Machado',NULL,0,1,0,4,3,1,3,0,0,0,0,1,0,0,0,0,0,9,9,0,0,9,9),
 (11,0,20,'Palito de Fósforo',NULL,0,4,0,5,4,3,2,0,0,0,0,1,0,0,0,0,0,10,10,0,0,10,10),
 (12,0,20,'Vassoura',NULL,0,5,0,5,3,2,1,0,0,0,0,1,0,0,0,0,0,11,11,0,0,11,11),
 (13,0,20,'Pu Dao',NULL,0,7,0,5,3,1,4,0,0,0,0,1,0,0,0,0,0,12,12,0,0,12,12),
 (14,0,20,'Espingarda de Rolha',NULL,200,1,0,6,7,3,3,0,0,0,0,1,0,0,0,0,0,13,13,0,0,13,13),
 (15,0,1,'Mamona',NULL,0,0,0,6,20,20,0,0,0,0,0,1,0,0,0,0,0,14,14,0,0,14,14),
 (16,0,20,'Estilingue',NULL,10,3,0,6,5,3,1,0,0,0,0,1,0,0,0,0,0,15,15,0,0,15,15),
 (17,0,5,'Cartola',NULL,0,0,0,2,0,0,0,0,1,0,0,2,0,0,0,0,0,16,16,0,0,16,16),
 (18,0,10,'Tênis',NULL,0,0,0,2,0,0,0,0,2,0,0,2,0,0,0,0,0,17,17,0,0,17,17),
 (19,0,10,'Elmo de Hércules',NULL,0,0,0,3,0,0,0,0,5,0,0,2,0,0,0,0,0,18,18,0,0,18,18),
 (20,0,7,'Elmo Bárbaro',NULL,0,0,0,3,0,0,0,0,3,0,0,2,0,0,0,0,0,19,19,0,0,19,19),
 (21,0,10,'Óculos Escuros',NULL,0,0,0,4,0,0,0,0,2,0,0,2,0,0,0,0,0,20,20,0,0,20,20),
 (22,0,7,'Gorro',NULL,0,0,0,4,0,0,0,0,4,0,0,2,0,0,0,0,0,21,21,0,0,21,21),
 (23,0,5,'Chachi',NULL,0,0,0,5,0,0,0,0,4,0,0,2,0,0,0,0,0,22,22,0,0,22,22),
 (24,0,10,'Chapéu de Palha',NULL,0,0,0,5,0,0,0,0,3,0,0,2,0,0,0,0,0,23,23,0,0,23,23),
 (25,0,10,'Óculos de Aviador',NULL,0,0,0,6,0,0,0,0,2,0,0,2,0,0,0,0,0,24,24,0,0,24,24),
 (26,0,10,'Máscara de Gás',NULL,0,0,0,6,0,0,0,0,3,0,0,2,0,0,0,0,0,25,25,0,0,25,25),
 (27,0,0,'Passaporte',NULL,0,0,0,1,0,0,0,0,0,0,0,5,0,0,0,0,0,26,26,0,0,26,26),
 (28,0,0,'Polpa de Formiga',NULL,0,0,0,1,0,0,0,20,0,0,0,0,0,0,0,0,0,27,27,1,0,27,27),
 (29,0,0,'Polpa de Cupim',NULL,0,0,0,1,0,0,0,5,0,0,0,0,0,0,0,0,0,28,28,2,0,28,28),
 (30,0,0,'Polpa de Barata',NULL,0,0,0,1,0,0,0,40,0,0,0,0,0,0,0,0,0,29,29,1,0,29,29),
 (31,0,0,'Polpa de Tatu',NULL,0,0,0,1,0,0,0,10,0,0,0,0,0,0,0,0,0,30,30,2,0,30,30),
 (32,0,0,'Asa de Libélula',NULL,0,0,0,1,0,0,0,0,0,0,0,0,0,0,0,0,0,31,31,3,0,31,31),
 (33,0,0,'Perfume de Percevejo',NULL,0,0,0,1,0,0,0,0,0,0,0,0,0,0,0,0,0,32,32,3,0,32,32),
 (34,0,0,'Mel de Abelha',NULL,0,0,0,1,0,0,0,0,0,0,0,0,0,0,0,0,0,33,33,3,0,33,33),
 (35,0,0,'Tesoura de Barbeiro',NULL,0,0,0,1,0,0,0,0,0,0,0,0,0,0,0,0,0,34,34,3,0,34,34),
 (36,0,0,'Rabo de Calango',NULL,0,0,0,1,0,0,0,0,0,0,0,0,0,0,0,0,0,35,35,3,0,35,35),
 (37,0,0,'Ovo de Lagartixa',NULL,0,0,0,1,0,0,0,0,0,0,0,0,0,0,0,0,0,36,36,3,0,36,36),
 (38,0,0,'Língua de Sapo',NULL,0,0,0,1,0,0,0,0,0,0,0,0,0,0,0,0,0,37,37,3,0,37,37),
 (39,0,0,'Língua de Camaleão',NULL,0,0,0,1,0,0,0,0,0,0,0,0,0,0,0,0,0,38,38,3,0,38,38);
/*!40000 ALTER TABLE `itembase` ENABLE KEYS */;


--
-- Definition of table `jogador`
--

DROP TABLE IF EXISTS `jogador`;
CREATE TABLE `jogador` (
  `JDSENHA` varchar(30) default NULL,
  `JDEMAIL` varchar(30) default NULL,
  `JDNOME` varchar(30) default NULL,
  `JDID` int(11) NOT NULL,
  `JDLOGIN` varchar(30) NOT NULL,
  `JDDATANASC` varchar(30) default NULL,
  PRIMARY KEY  USING BTREE (`JDLOGIN`)
) ENGINE=InnoDB DEFAULT CHARSET=latin1;

--
-- Dumping data for table `jogador`
--

/*!40000 ALTER TABLE `jogador` DISABLE KEYS */;
INSERT INTO `jogador` (`JDSENHA`,`JDEMAIL`,`JDNOME`,`JDID`,`JDLOGIN`,`JDDATANASC`) VALUES 
 ('1350250','edragon975@gmail.com','Eder',1,'Edin','06/07/89'),
 ('wurzelion','eduardofantini@gmail.com','Eduardo',3,'fantini','10/02/79'),
 ('doido','dotdrums@gmail.com','Paulo',4,'himura','14/09/84'),
 ('140387','tarcisio_resende@yahoo.com.br','Tarcísio',2,'shendoo','03/03/87');
/*!40000 ALTER TABLE `jogador` ENABLE KEYS */;


--
-- Definition of table `jogador_personagem`
--

DROP TABLE IF EXISTS `jogador_personagem`;
CREATE TABLE `jogador_personagem` (
  `PGID` int(11) default NULL,
  `JDID` int(11) default NULL,
  KEY `JDID` (`JDID`),
  KEY `PGID` (`PGID`),
  CONSTRAINT `jogador_personagem_ibfk_2` FOREIGN KEY (`PGID`) REFERENCES `personagem` (`PGID`)
) ENGINE=InnoDB DEFAULT CHARSET=latin1;

--
-- Dumping data for table `jogador_personagem`
--

/*!40000 ALTER TABLE `jogador_personagem` DISABLE KEYS */;
INSERT INTO `jogador_personagem` (`PGID`,`JDID`) VALUES 
 (19,3),
 (20,1),
 (23,3);
/*!40000 ALTER TABLE `jogador_personagem` ENABLE KEYS */;


--
-- Definition of table `mercado`
--

DROP TABLE IF EXISTS `mercado`;
CREATE TABLE `mercado` (
  `MEID` int(10) unsigned NOT NULL auto_increment,
  `MECORTEDEMANDA` int(11) NOT NULL default '0',
  `MECORTEOFERTA` int(11) NOT NULL default '0',
  `MECORTEDURABILIDADE` int(11) NOT NULL default '0',
  `MEDESCONTOLEALDADE` int(11) NOT NULL default '0',
  `MEDESCONTOTEMPO` int(11) NOT NULL default '0',
  PRIMARY KEY  (`MEID`)
) ENGINE=InnoDB AUTO_INCREMENT=2 DEFAULT CHARSET=latin1;

--
-- Dumping data for table `mercado`
--

/*!40000 ALTER TABLE `mercado` DISABLE KEYS */;
INSERT INTO `mercado` (`MEID`,`MECORTEDEMANDA`,`MECORTEOFERTA`,`MECORTEDURABILIDADE`,`MEDESCONTOLEALDADE`,`MEDESCONTOTEMPO`) VALUES 
 (1,50,50,50,10,4);
/*!40000 ALTER TABLE `mercado` ENABLE KEYS */;


--
-- Definition of table `meta_vendedor`
--

DROP TABLE IF EXISTS `meta_vendedor`;
CREATE TABLE `meta_vendedor` (
  `MVID` int(10) unsigned NOT NULL auto_increment,
  `IDVENDEDOR` int(10) unsigned NOT NULL,
  `META` int(10) unsigned NOT NULL,
  `LUA` int(10) unsigned NOT NULL,
  PRIMARY KEY  (`MVID`)
) ENGINE=InnoDB DEFAULT CHARSET=latin1;

--
-- Dumping data for table `meta_vendedor`
--

/*!40000 ALTER TABLE `meta_vendedor` DISABLE KEYS */;
/*!40000 ALTER TABLE `meta_vendedor` ENABLE KEYS */;


--
-- Definition of table `personagem`
--

DROP TABLE IF EXISTS `personagem`;
CREATE TABLE `personagem` (
  `PGID` int(11) NOT NULL,
  `PGNOME` varchar(30) default NULL,
  `PGNIVEL` int(11) default NULL,
  `PGDINHEIRO` int(11) default NULL,
  `PGEXPERIENCIA` int(11) default NULL,
  `PGEXPERIENCIAMAX` int(11) default NULL,
  `PGPONTOSVIDA` int(11) default NULL,
  `PGPONTOSVIDAMAX` int(11) default NULL,
  `PGPONTOSPODER` int(11) default NULL,
  `PGPONTOSPODERMAX` int(11) default NULL,
  `PGDIRECAO` float default NULL,
  `PGVELOCIDADE` float default NULL,
  `PGRACA` int(11) default NULL,
  `PGTEMPORESPAW` int(11) default NULL,
  `PGFORCA` int(11) default NULL,
  `PGAGILIDADE` int(11) default NULL,
  `PGDESTREZA` int(11) default NULL,
  `PGRESISTENCIA` int(11) default NULL,
  `PGINSTINTO` int(11) default NULL,
  `PGATAQUESDISTANCIA` int(11) default NULL,
  `PGATAQUESCORPO` int(11) default NULL,
  `PGDANOCORPO` int(11) default NULL,
  `PGDANODISTANCIA` int(11) default NULL,
  `PGDEFESA` int(11) default NULL,
  `PGTAXAATAQUE` int(11) default NULL,
  `PGTEMPOCARGA` int(11) default NULL,
  `PGTIPOPERSONAGEM` int(11) default NULL,
  `PGLEALARANHA` int(11) default NULL,
  `PGLEALBESOURO` int(11) default NULL,
  `PGLEALESCORPIAO` int(11) default NULL,
  `PGLEALLOUVA` int(11) default NULL,
  `PGLEALVESPA` int(11) default NULL,
  `PGIDARMOR` int(11) default NULL,
  `PGIDWEAPON` int(11) default NULL,
  `PGX` float default NULL,
  `PGZ` float default NULL,
  `PGY` float default NULL,
  `PGIDTEXTURA` int(11) default NULL,
  `PGIDMODELO` int(11) default NULL,
  `PGBONUSPOINTSPRIMARIAS` int(11) default '0',
  `PGBONUSPOINTSPODER` int(11) default '0',
  `PGISBASE` tinyint(1) default '0',
  `PGIDHUD` int(11) default NULL,
  PRIMARY KEY  (`PGID`)
) ENGINE=InnoDB DEFAULT CHARSET=latin1;

--
-- Dumping data for table `personagem`
--

/*!40000 ALTER TABLE `personagem` DISABLE KEYS */;
INSERT INTO `personagem` (`PGID`,`PGNOME`,`PGNIVEL`,`PGDINHEIRO`,`PGEXPERIENCIA`,`PGEXPERIENCIAMAX`,`PGPONTOSVIDA`,`PGPONTOSVIDAMAX`,`PGPONTOSPODER`,`PGPONTOSPODERMAX`,`PGDIRECAO`,`PGVELOCIDADE`,`PGRACA`,`PGTEMPORESPAW`,`PGFORCA`,`PGAGILIDADE`,`PGDESTREZA`,`PGRESISTENCIA`,`PGINSTINTO`,`PGATAQUESDISTANCIA`,`PGATAQUESCORPO`,`PGDANOCORPO`,`PGDANODISTANCIA`,`PGDEFESA`,`PGTAXAATAQUE`,`PGTEMPOCARGA`,`PGTIPOPERSONAGEM`,`PGLEALARANHA`,`PGLEALBESOURO`,`PGLEALESCORPIAO`,`PGLEALLOUVA`,`PGLEALVESPA`,`PGIDARMOR`,`PGIDWEAPON`,`PGX`,`PGZ`,`PGY`,`PGIDTEXTURA`,`PGIDMODELO`,`PGBONUSPOINTSPRIMARIAS`,`PGBONUSPOINTSPODER`,`PGISBASE`,`PGIDHUD`) VALUES 
 (0,NULL,1,0,0,100,10,10,20,20,0,10,2,0,1,3,5,2,4,0,1,1,0,2,13,0,2,100,0,0,0,0,-1,-1,0,0,0,1,1,5,0,1,2),
 (1,NULL,1,0,0,100,30,30,5,5,0,10,3,0,6,1,1,6,1,0,6,6,0,6,11,0,2,0,100,0,0,0,-1,4,0,0,0,7,7,5,0,1,7),
 (2,NULL,1,0,0,100,15,15,30,30,0,10,4,0,2,2,3,3,5,0,2,2,0,3,12,0,2,0,0,100,0,0,-1,-1,0,0,0,13,13,5,0,1,13),
 (3,NULL,1,0,0,100,5,5,20,20,0,10,5,0,3,5,2,1,4,0,3,3,0,5,15,0,2,0,0,0,100,0,-1,-1,0,0,0,19,19,5,0,1,19),
 (4,NULL,1,0,0,100,15,15,5,5,0,10,6,0,1,3,7,3,1,0,1,1,0,3,13,0,2,0,0,0,0,100,-1,-1,0,0,0,25,25,5,0,1,25),
 (5,'Cupim',1,1,0,100,10,10,20,20,0,10,7,0,5,3,2,3,2,0,5,5,0,3,13,0,3,0,0,0,0,0,-1,-1,0,0,0,30,30,0,0,1,30),
 (6,'Formiga',1,1,0,100,10,10,20,20,0,10,8,0,3,2,4,2,4,0,3,3,0,2,12,0,3,0,0,0,0,0,-1,-1,500,500,0,31,31,0,0,1,31),
 (7,'Barbeiro',2,5,0,200,30,30,25,25,0,10,9,0,3,2,3,4,8,0,3,3,0,4,12,0,3,0,0,0,0,0,-1,-1,0,0,0,32,32,0,0,1,32),
 (8,'Barata',3,7,0,300,30,30,25,25,0,10,10,0,5,4,5,6,5,0,5,5,0,6,14,0,3,0,0,0,0,0,-1,-1,0,0,0,33,33,0,0,1,33),
 (9,'Tatu-Bolinha',5,10,0,500,125,125,10,10,0,10,11,0,1,5,1,25,2,0,1,1,0,25,15,0,3,0,0,0,0,0,-1,-1,0,0,0,34,34,0,0,1,34),
 (10,'Libélula',9,10,0,4000,10,10,160,160,0,10,12,0,0,20,2,3,30,0,0,0,0,3,30,0,3,0,0,0,0,0,-1,-1,0,0,0,35,35,0,0,1,35),
 (11,'Percevejo',11,15,0,10000,70,70,70,70,0,10,13,0,13,12,12,14,14,0,13,13,0,14,22,0,3,0,0,0,0,0,-1,-1,0,0,0,36,36,0,0,1,36),
 (12,'Abelha',13,20,0,30000,75,75,75,75,0,10,14,0,15,15,15,15,15,0,15,15,0,15,25,0,3,0,0,0,0,0,-1,-1,0,0,0,37,37,0,0,1,37),
 (13,'Lagartixa',15,40,0,50000,70,70,70,70,0,10,15,0,17,17,17,17,17,0,17,17,0,17,27,0,3,0,0,0,0,0,-1,-1,0,0,0,38,38,0,0,1,38),
 (14,'Calango',19,80,0,400000,10,10,10,10,0,10,16,0,80,10,5,5,5,0,80,80,0,5,20,0,3,0,0,0,0,0,-1,-1,0,0,0,39,39,0,0,1,39),
 (15,'Sapo',20,160,0,500000,150,150,160,160,0,10,17,0,40,10,10,30,20,0,40,40,0,35,20,0,3,0,0,0,0,0,-1,-1,0,0,0,40,40,0,0,1,40),
 (16,'Joaninha',21,200,0,600000,150,150,250,250,0,10,18,0,10,10,10,35,50,0,10,10,0,35,20,0,3,0,0,0,0,0,-1,-1,0,0,0,41,41,0,0,1,41),
 (17,'Camaleão',25,400,0,1000000,160,160,160,160,0,10,19,0,30,20,15,40,30,0,30,30,0,50,30,0,3,0,0,0,0,0,-1,-1,0,0,0,42,42,0,0,1,42),
 (18,'TanDan',30,1000,0,0,250,250,50,50,0,10,8,0,70,30,10,50,10,0,70,70,0,10,20,0,4,0,0,0,0,0,-1,-1,0,0,0,43,43,0,0,0,43),
 (19,'Fulano',1,0,0,100,30,30,5,5,0,30.1,3,0,6,1,1,6,1,0,6,6,0,6,11,0,2,0,100,0,0,0,-1,-1,500,500,0,7,7,5,0,0,7),
 (20,'Fulano',1,0,0,100,15,15,5,5,0,30.3,6,0,1,3,7,3,1,0,1,1,0,3,13,0,2,0,0,0,0,100,-1,-1,0,0,0,25,25,5,0,0,25),
 (21,'Fulano',1,0,0,100,30,30,5,5,0,30.1,3,0,6,1,1,6,1,0,6,6,0,6,11,0,2,0,100,0,0,0,-1,-1,0,0,0,7,7,5,0,0,7),
 (22,'Fulano',1,0,0,100,30,30,5,5,0,30.1,3,0,6,1,1,6,1,0,6,6,0,6,11,0,2,0,100,0,0,0,-1,-1,0,0,0,7,7,5,0,0,7),
 (23,'Fulano',1,0,0,100,30,30,5,5,0,30.1,3,0,6,1,1,6,1,0,6,6,0,6,11,0,2,0,100,0,0,0,-1,-1,0,0,0,7,7,5,0,0,7);
/*!40000 ALTER TABLE `personagem` ENABLE KEYS */;


--
-- Definition of table `personagem_cenario`
--

DROP TABLE IF EXISTS `personagem_cenario`;
CREATE TABLE `personagem_cenario` (
  `CNID` int(11) default NULL,
  `PGID` int(11) default NULL,
  `PCID` int(10) unsigned NOT NULL auto_increment,
  `PCRESPAWX` int(11) default '0',
  `PCRESPAWZ` int(11) default '0',
  `PCRESPAWY` int(11) default '0',
  PRIMARY KEY  (`PCID`),
  KEY `CNID` (`CNID`),
  KEY `PGID` (`PGID`),
  CONSTRAINT `FK_personagem_cenario_1` FOREIGN KEY (`CNID`) REFERENCES `cenario` (`CNID`),
  CONSTRAINT `FK_personagem_cenario_2` FOREIGN KEY (`PGID`) REFERENCES `personagem` (`PGID`)
) ENGINE=InnoDB AUTO_INCREMENT=26 DEFAULT CHARSET=latin1;

--
-- Dumping data for table `personagem_cenario`
--

/*!40000 ALTER TABLE `personagem_cenario` DISABLE KEYS */;
INSERT INTO `personagem_cenario` (`CNID`,`PGID`,`PCID`,`PCRESPAWX`,`PCRESPAWZ`,`PCRESPAWY`) VALUES 
 (1,6,11,0,0,0),
 (1,6,12,0,0,0),
 (1,6,13,0,0,0),
 (1,6,14,0,0,0),
 (1,6,15,0,0,0),
 (1,6,16,0,0,0),
 (1,6,17,0,0,0),
 (1,6,18,0,0,0),
 (1,6,19,0,0,0),
 (1,6,20,0,0,0),
 (1,6,21,0,0,0),
 (1,19,22,0,0,0),
 (1,21,23,0,0,0),
 (1,22,24,0,0,0),
 (1,23,25,0,0,0);
/*!40000 ALTER TABLE `personagem_cenario` ENABLE KEYS */;


--
-- Definition of table `portal`
--

DROP TABLE IF EXISTS `portal`;
CREATE TABLE `portal` (
  `PTID` int(11) NOT NULL,
  `PTLOCZ` float default NULL,
  `PTLOCX` float default NULL,
  `PTLOCY` float default NULL,
  `PTDESTZ` float default NULL,
  `PTDESTX` float default NULL,
  `PTDESTY` float default NULL,
  `PTIDCENARIODEST` int(11) default NULL,
  `PTDIRECAO` int(11) default NULL,
  PRIMARY KEY  (`PTID`)
) ENGINE=InnoDB DEFAULT CHARSET=latin1;

--
-- Dumping data for table `portal`
--

/*!40000 ALTER TABLE `portal` DISABLE KEYS */;
/*!40000 ALTER TABLE `portal` ENABLE KEYS */;


--
-- Definition of table `portal_cenario`
--

DROP TABLE IF EXISTS `portal_cenario`;
CREATE TABLE `portal_cenario` (
  `PTID` int(11) default NULL,
  `CNID` int(11) default NULL,
  KEY `PTID` (`PTID`),
  KEY `CNID` (`CNID`),
  CONSTRAINT `portal_cenario_ibfk_1` FOREIGN KEY (`PTID`) REFERENCES `portal` (`PTID`),
  CONSTRAINT `portal_cenario_ibfk_2` FOREIGN KEY (`CNID`) REFERENCES `cenario` (`CNID`)
) ENGINE=InnoDB DEFAULT CHARSET=latin1;

--
-- Dumping data for table `portal_cenario`
--

/*!40000 ALTER TABLE `portal_cenario` DISABLE KEYS */;
/*!40000 ALTER TABLE `portal_cenario` ENABLE KEYS */;


--
-- Definition of table `transacao`
--

DROP TABLE IF EXISTS `transacao`;
CREATE TABLE `transacao` (
  `TRID` int(10) unsigned NOT NULL auto_increment,
  `TRPRECOFINAL` int(11) NOT NULL,
  `TRFOICONCLUIDA` tinyint(1) NOT NULL,
  `TRTIPO` int(10) unsigned NOT NULL,
  `TRDATA` date NOT NULL,
  `TRHORA` time NOT NULL,
  `VENDEDORID` int(10) unsigned NOT NULL,
  `PGID` int(10) unsigned NOT NULL,
  `INID` int(10) unsigned NOT NULL,
  PRIMARY KEY  (`TRID`)
) ENGINE=InnoDB DEFAULT CHARSET=latin1;

--
-- Dumping data for table `transacao`
--

/*!40000 ALTER TABLE `transacao` DISABLE KEYS */;
/*!40000 ALTER TABLE `transacao` ENABLE KEYS */;


--
-- Definition of table `valores_vendedor`
--

DROP TABLE IF EXISTS `valores_vendedor`;
CREATE TABLE `valores_vendedor` (
  `VVID` int(10) unsigned NOT NULL auto_increment,
  `IDVENDEDOR` int(10) unsigned NOT NULL,
  `VVMETAATUAL` int(10) unsigned NOT NULL,
  `VVCAPITALTOTAL` int(10) unsigned NOT NULL,
  `VVLUAATUAL` int(10) unsigned NOT NULL,
  `VVHORA` time NOT NULL,
  `VVDATA` date NOT NULL,
  PRIMARY KEY  (`VVID`)
) ENGINE=InnoDB AUTO_INCREMENT=791 DEFAULT CHARSET=latin1;

--
-- Dumping data for table `valores_vendedor`
--

/*!40000 ALTER TABLE `valores_vendedor` DISABLE KEYS */;
INSERT INTO `valores_vendedor` (`VVID`,`IDVENDEDOR`,`VVMETAATUAL`,`VVCAPITALTOTAL`,`VVLUAATUAL`,`VVHORA`,`VVDATA`) VALUES 
 (431,1,12000,11778,0,'00:00:00','2009-05-31'),
 (432,1,12000,10616,0,'01:00:00','2009-05-31'),
 (433,1,12000,10746,0,'02:00:00','2009-05-31'),
 (434,1,12000,10881,0,'03:00:00','2009-05-31'),
 (435,1,12000,12166,0,'04:00:00','2009-05-31'),
 (436,1,12000,11187,0,'05:00:00','2009-05-31'),
 (437,1,12000,11438,0,'06:00:00','2009-05-31'),
 (438,1,12000,10629,0,'07:00:00','2009-05-31'),
 (439,1,12000,10830,0,'08:00:00','2009-05-31'),
 (440,1,12000,12264,0,'09:00:00','2009-05-31'),
 (441,1,12000,10830,0,'10:00:00','2009-05-31'),
 (442,1,12000,11356,0,'11:00:00','2009-05-31'),
 (443,1,12000,12292,0,'12:00:00','2009-05-31'),
 (444,1,12000,12391,0,'13:00:00','2009-05-31'),
 (445,1,12000,12077,0,'14:00:00','2009-05-31'),
 (446,1,12000,10215,0,'15:00:00','2009-05-31'),
 (447,1,12000,12845,0,'16:00:00','2009-05-31'),
 (448,1,12000,12579,0,'17:00:00','2009-05-31'),
 (449,1,12000,12359,0,'18:00:00','2009-05-31'),
 (450,1,12000,11060,0,'19:00:00','2009-05-31'),
 (451,1,12000,10224,0,'20:00:00','2009-05-31'),
 (452,1,12000,12937,0,'21:00:00','2009-05-31'),
 (453,1,12000,11013,0,'22:00:00','2009-05-31'),
 (454,1,12000,10254,0,'23:00:00','2009-05-31'),
 (455,1,10000,9699,1,'00:00:00','2009-06-01'),
 (456,1,10000,10527,1,'01:00:00','2009-06-01'),
 (457,1,10000,10537,1,'02:00:00','2009-06-01'),
 (458,1,10000,9107,1,'03:00:00','2009-06-01'),
 (459,1,10000,8923,1,'04:00:00','2009-06-01'),
 (460,1,10000,10292,1,'05:00:00','2009-06-01'),
 (461,1,10000,9692,1,'06:00:00','2009-06-01'),
 (462,1,10000,8584,1,'07:00:00','2009-06-01'),
 (463,1,10000,10843,1,'08:00:00','2009-06-01'),
 (464,1,10000,8464,1,'09:00:00','2009-06-01'),
 (465,1,10000,10791,1,'10:00:00','2009-06-01'),
 (466,1,10000,8562,1,'11:00:00','2009-06-01'),
 (467,1,10000,9437,1,'12:00:00','2009-06-01'),
 (468,1,10000,8500,1,'13:00:00','2009-06-01'),
 (469,1,10000,10187,1,'14:00:00','2009-06-01'),
 (470,1,10000,9435,1,'15:00:00','2009-06-01'),
 (471,1,10000,10615,1,'16:00:00','2009-06-01'),
 (472,1,10000,10770,1,'17:00:00','2009-06-01'),
 (473,1,10000,8003,1,'18:00:00','2009-06-01'),
 (474,1,10000,8707,1,'19:00:00','2009-06-01'),
 (475,1,10000,8525,1,'20:00:00','2009-06-01'),
 (476,1,10000,9506,1,'21:00:00','2009-06-01'),
 (477,1,10000,10956,1,'22:00:00','2009-06-01'),
 (478,1,10000,10260,1,'23:00:00','2009-06-01'),
 (479,1,8000,6011,2,'00:00:00','2009-06-02'),
 (480,1,8000,7666,2,'01:00:00','2009-06-02'),
 (481,1,8000,8295,2,'02:00:00','2009-06-02'),
 (482,1,8000,8479,2,'03:00:00','2009-06-02'),
 (483,1,8000,9510,2,'04:00:00','2009-06-02'),
 (484,1,8000,6112,2,'05:00:00','2009-06-02'),
 (485,1,8000,6030,2,'06:00:00','2009-06-02'),
 (486,1,8000,7815,2,'07:00:00','2009-06-02'),
 (487,1,8000,6984,2,'08:00:00','2009-06-02'),
 (488,1,8000,7475,2,'09:00:00','2009-06-02'),
 (489,1,8000,6424,2,'10:00:00','2009-06-02'),
 (490,1,8000,7693,2,'11:00:00','2009-06-02'),
 (491,1,8000,9196,2,'12:00:00','2009-06-02'),
 (492,1,8000,6898,2,'13:00:00','2009-06-02'),
 (493,1,8000,8903,2,'14:00:00','2009-06-02'),
 (494,1,8000,9823,2,'15:00:00','2009-06-02'),
 (495,1,8000,6403,2,'16:00:00','2009-06-02'),
 (496,1,8000,6548,2,'17:00:00','2009-06-02'),
 (497,1,8000,7532,2,'18:00:00','2009-06-02'),
 (498,1,8000,8014,2,'19:00:00','2009-06-02'),
 (499,1,8000,7477,2,'20:00:00','2009-06-02'),
 (500,1,8000,7340,2,'21:00:00','2009-06-02'),
 (501,1,8000,6269,2,'22:00:00','2009-06-02'),
 (502,1,8000,9324,2,'23:00:00','2009-06-02'),
 (503,1,10000,8727,3,'00:00:00','2009-06-03'),
 (504,1,10000,10248,3,'01:00:00','2009-06-03'),
 (505,1,10000,11057,3,'02:00:00','2009-06-03'),
 (506,1,10000,10543,3,'03:00:00','2009-06-03'),
 (507,1,10000,9544,3,'04:00:00','2009-06-03'),
 (508,1,10000,8092,3,'05:00:00','2009-06-03'),
 (509,1,10000,9827,3,'06:00:00','2009-06-03'),
 (510,1,10000,8861,3,'07:00:00','2009-06-03'),
 (511,1,10000,10822,3,'08:00:00','2009-06-03'),
 (512,1,10000,9527,3,'09:00:00','2009-06-03'),
 (513,1,10000,11171,3,'10:00:00','2009-06-03'),
 (514,1,10000,11272,3,'11:00:00','2009-06-03'),
 (515,1,10000,8846,3,'12:00:00','2009-06-03'),
 (516,1,10000,10415,3,'13:00:00','2009-06-03'),
 (517,1,10000,11538,3,'14:00:00','2009-06-03'),
 (518,1,10000,8444,3,'15:00:00','2009-06-03'),
 (519,1,10000,9605,3,'16:00:00','2009-06-03'),
 (520,1,10000,10696,3,'17:00:00','2009-06-03'),
 (521,1,10000,8662,3,'18:00:00','2009-06-03'),
 (522,1,10000,11224,3,'19:00:00','2009-06-03'),
 (523,1,10000,10133,3,'20:00:00','2009-06-03'),
 (524,1,10000,8993,3,'21:00:00','2009-06-03'),
 (525,1,10000,8567,3,'22:00:00','2009-06-03'),
 (526,1,10000,9854,3,'23:00:00','2009-06-03'),
 (527,1,12000,12366,4,'00:00:00','2009-06-04'),
 (528,1,12000,13974,4,'01:00:00','2009-06-04'),
 (529,1,12000,10772,4,'02:00:00','2009-06-04'),
 (530,1,12000,11937,4,'03:00:00','2009-06-04'),
 (531,1,12000,13367,4,'04:00:00','2009-06-04'),
 (532,1,12000,13027,4,'05:00:00','2009-06-04'),
 (533,1,12000,13032,4,'06:00:00','2009-06-04'),
 (534,1,12000,10079,4,'07:00:00','2009-06-04'),
 (535,1,12000,11301,4,'08:00:00','2009-06-04'),
 (536,1,12000,10267,4,'09:00:00','2009-06-04'),
 (537,1,12000,13430,4,'10:00:00','2009-06-04'),
 (538,1,12000,10352,4,'11:00:00','2009-06-04'),
 (539,1,12000,11470,4,'12:00:00','2009-06-04'),
 (540,1,12000,10293,4,'13:00:00','2009-06-04'),
 (541,1,12000,13055,4,'14:00:00','2009-06-04'),
 (542,1,12000,12396,4,'15:00:00','2009-06-04'),
 (543,1,12000,12814,4,'16:00:00','2009-06-04'),
 (544,1,12000,12882,4,'17:00:00','2009-06-04'),
 (545,1,12000,11968,4,'18:00:00','2009-06-04'),
 (546,1,12000,11194,4,'19:00:00','2009-06-04'),
 (547,1,12000,10065,4,'20:00:00','2009-06-04'),
 (548,1,12000,12746,4,'21:00:00','2009-06-04'),
 (549,1,12000,11533,4,'22:00:00','2009-06-04'),
 (550,1,12000,11426,4,'23:00:00','2009-06-04'),
 (551,1,14000,12433,5,'00:00:00','2009-06-05'),
 (552,1,14000,14518,5,'01:00:00','2009-06-05'),
 (553,1,14000,15288,5,'02:00:00','2009-06-05'),
 (554,1,14000,12888,5,'03:00:00','2009-06-05'),
 (555,1,14000,14576,5,'04:00:00','2009-06-05'),
 (556,1,14000,14217,5,'05:00:00','2009-06-05'),
 (557,1,14000,15357,5,'06:00:00','2009-06-05'),
 (558,1,14000,12135,5,'07:00:00','2009-06-05'),
 (559,1,14000,12604,5,'08:00:00','2009-06-05'),
 (560,1,14000,12615,5,'09:00:00','2009-06-05'),
 (561,1,14000,13260,5,'10:00:00','2009-06-05'),
 (562,1,14000,12458,5,'11:00:00','2009-06-05'),
 (563,1,14000,12508,5,'12:00:00','2009-06-05'),
 (564,1,14000,13168,5,'13:00:00','2009-06-05'),
 (565,1,14000,12315,5,'14:00:00','2009-06-05'),
 (566,1,14000,12070,5,'15:00:00','2009-06-05'),
 (567,1,14000,13408,5,'16:00:00','2009-06-05'),
 (568,1,14000,14828,5,'17:00:00','2009-06-05'),
 (569,1,14000,13916,5,'18:00:00','2009-06-05'),
 (570,1,14000,13097,5,'19:00:00','2009-06-05'),
 (571,1,14000,15735,5,'20:00:00','2009-06-05'),
 (572,1,14000,13386,5,'21:00:00','2009-06-05'),
 (573,1,14000,15723,5,'22:00:00','2009-06-05'),
 (574,1,14000,14458,5,'23:00:00','2009-06-05'),
 (575,1,12000,10232,0,'00:00:00','2009-06-06'),
 (576,1,12000,12399,0,'01:00:00','2009-06-06'),
 (577,1,12000,11299,0,'02:00:00','2009-06-06'),
 (578,1,12000,10298,0,'03:00:00','2009-06-06'),
 (579,1,12000,12591,0,'04:00:00','2009-06-06'),
 (580,1,12000,12061,0,'05:00:00','2009-06-06'),
 (581,1,12000,11531,0,'06:00:00','2009-06-06'),
 (582,1,12000,12475,0,'07:00:00','2009-06-06'),
 (583,1,12000,10781,0,'08:00:00','2009-06-06'),
 (584,1,12000,11480,0,'09:00:00','2009-06-06'),
 (585,1,12000,12058,0,'10:00:00','2009-06-06'),
 (586,1,12000,12850,0,'11:00:00','2009-06-06'),
 (587,1,12000,12075,0,'12:00:00','2009-06-06'),
 (588,1,12000,11824,0,'13:00:00','2009-06-06'),
 (589,1,12000,10898,0,'14:00:00','2009-06-06'),
 (590,1,12000,10015,0,'15:00:00','2009-06-06'),
 (591,1,12000,12380,0,'16:00:00','2009-06-06'),
 (592,1,12000,10857,0,'17:00:00','2009-06-06'),
 (593,1,12000,11146,0,'18:00:00','2009-06-06'),
 (594,1,12000,10158,0,'19:00:00','2009-06-06'),
 (595,1,12000,10350,0,'20:00:00','2009-06-06'),
 (596,1,12000,10279,0,'21:00:00','2009-06-06'),
 (597,1,12000,10342,0,'22:00:00','2009-06-06'),
 (598,1,12000,10873,0,'23:00:00','2009-06-06'),
 (599,1,10000,10430,1,'00:00:00','2009-06-07'),
 (600,1,10000,8373,1,'01:00:00','2009-06-07'),
 (601,1,10000,8572,1,'02:00:00','2009-06-07'),
 (602,1,10000,8744,1,'03:00:00','2009-06-07'),
 (603,1,10000,8002,1,'04:00:00','2009-06-07'),
 (604,1,10000,8777,1,'05:00:00','2009-06-07'),
 (605,1,10000,9879,1,'06:00:00','2009-06-07'),
 (606,1,10000,10066,1,'07:00:00','2009-06-07'),
 (607,1,10000,9691,1,'08:00:00','2009-06-07'),
 (608,1,10000,8258,1,'09:00:00','2009-06-07'),
 (609,1,10000,10217,1,'10:00:00','2009-06-07'),
 (610,1,10000,8312,1,'11:00:00','2009-06-07'),
 (611,1,10000,8910,1,'12:00:00','2009-06-07'),
 (612,1,10000,8613,1,'13:00:00','2009-06-07'),
 (613,1,10000,10334,1,'14:00:00','2009-06-07'),
 (614,1,10000,10833,1,'15:00:00','2009-06-07'),
 (615,1,10000,8162,1,'16:00:00','2009-06-07'),
 (616,1,10000,9311,1,'17:00:00','2009-06-07'),
 (617,1,10000,8068,1,'18:00:00','2009-06-07'),
 (618,1,10000,8410,1,'19:00:00','2009-06-07'),
 (619,1,10000,8843,1,'20:00:00','2009-06-07'),
 (620,1,10000,10987,1,'21:00:00','2009-06-07'),
 (621,1,10000,10404,1,'22:00:00','2009-06-07'),
 (622,1,10000,8058,1,'23:00:00','2009-06-07'),
 (623,1,8000,7813,2,'00:00:00','2009-06-08'),
 (624,1,8000,9092,2,'01:00:00','2009-06-08'),
 (625,1,8000,6023,2,'02:00:00','2009-06-08'),
 (626,1,8000,6837,2,'03:00:00','2009-06-08'),
 (627,1,8000,6119,2,'04:00:00','2009-06-08'),
 (628,1,8000,6083,2,'05:00:00','2009-06-08'),
 (629,1,8000,6058,2,'06:00:00','2009-06-08'),
 (630,1,8000,6040,2,'07:00:00','2009-06-08'),
 (631,1,8000,6026,2,'08:00:00','2009-06-08'),
 (632,1,8000,8012,2,'09:00:00','2009-06-08'),
 (633,1,8000,7981,2,'10:00:00','2009-06-08'),
 (634,1,8000,7867,2,'11:00:00','2009-06-08'),
 (635,1,8000,7394,2,'12:00:00','2009-06-08'),
 (636,1,8000,7371,2,'13:00:00','2009-06-08'),
 (637,1,8000,6669,2,'14:00:00','2009-06-08'),
 (638,1,8000,7234,2,'15:00:00','2009-06-08'),
 (639,1,8000,6164,2,'16:00:00','2009-06-08'),
 (640,1,8000,9116,2,'17:00:00','2009-06-08'),
 (641,1,8000,7090,2,'18:00:00','2009-06-08'),
 (642,1,8000,8103,2,'19:00:00','2009-06-08'),
 (643,1,8000,7244,2,'20:00:00','2009-06-08'),
 (644,1,8000,9910,2,'21:00:00','2009-06-08'),
 (645,1,8000,9819,2,'22:00:00','2009-06-08'),
 (646,1,8000,7366,2,'23:00:00','2009-06-08'),
 (647,1,10000,11571,3,'00:00:00','2009-06-09'),
 (648,1,10000,8291,3,'01:00:00','2009-06-09'),
 (649,1,10000,8743,3,'02:00:00','2009-06-09'),
 (650,1,10000,8843,3,'03:00:00','2009-06-09'),
 (651,1,10000,9985,3,'04:00:00','2009-06-09'),
 (652,1,10000,11395,3,'05:00:00','2009-06-09'),
 (653,1,10000,9019,3,'06:00:00','2009-06-09'),
 (654,1,10000,8911,3,'07:00:00','2009-06-09'),
 (655,1,10000,9497,3,'08:00:00','2009-06-09'),
 (656,1,10000,10751,3,'09:00:00','2009-06-09'),
 (657,1,10000,9267,3,'10:00:00','2009-06-09'),
 (658,1,10000,8080,3,'11:00:00','2009-06-09'),
 (659,1,10000,10599,3,'12:00:00','2009-06-09'),
 (660,1,10000,8756,3,'13:00:00','2009-06-09'),
 (661,1,10000,9981,3,'14:00:00','2009-06-09'),
 (662,1,10000,11639,3,'15:00:00','2009-06-09'),
 (663,1,10000,8251,3,'16:00:00','2009-06-09'),
 (664,1,10000,8338,3,'17:00:00','2009-06-09'),
 (665,1,10000,8935,3,'18:00:00','2009-06-09'),
 (666,1,10000,11664,3,'19:00:00','2009-06-09'),
 (667,1,10000,9513,3,'20:00:00','2009-06-09'),
 (668,1,10000,10574,3,'21:00:00','2009-06-09'),
 (669,1,10000,10330,3,'22:00:00','2009-06-09'),
 (670,1,10000,9930,3,'23:00:00','2009-06-09'),
 (671,1,12000,10530,4,'00:00:00','2009-06-10'),
 (672,1,12000,10374,4,'01:00:00','2009-06-10'),
 (673,1,12000,12280,4,'02:00:00','2009-06-10'),
 (674,1,12000,10277,4,'03:00:00','2009-06-10'),
 (675,1,12000,12544,4,'04:00:00','2009-06-10'),
 (676,1,12000,13891,4,'05:00:00','2009-06-10'),
 (677,1,12000,11824,4,'06:00:00','2009-06-10'),
 (678,1,12000,11444,4,'07:00:00','2009-06-10'),
 (679,1,12000,11750,4,'08:00:00','2009-06-10'),
 (680,1,12000,12419,4,'09:00:00','2009-06-10'),
 (681,1,12000,12843,4,'10:00:00','2009-06-10'),
 (682,1,12000,12960,4,'11:00:00','2009-06-10'),
 (683,1,12000,10268,4,'12:00:00','2009-06-10'),
 (684,1,12000,10462,4,'13:00:00','2009-06-10'),
 (685,1,12000,11507,4,'14:00:00','2009-06-10'),
 (686,1,12000,12147,4,'15:00:00','2009-06-10'),
 (687,1,12000,12215,4,'16:00:00','2009-06-10'),
 (688,1,12000,12634,4,'17:00:00','2009-06-10'),
 (689,1,12000,12527,4,'18:00:00','2009-06-10'),
 (690,1,12000,10731,4,'19:00:00','2009-06-10'),
 (691,1,12000,10076,4,'20:00:00','2009-06-10'),
 (692,1,12000,12184,4,'21:00:00','2009-06-10'),
 (693,1,12000,10693,4,'22:00:00','2009-06-10'),
 (694,1,12000,10914,4,'23:00:00','2009-06-10'),
 (695,1,14000,13122,5,'00:00:00','2009-06-11'),
 (696,1,14000,12237,5,'01:00:00','2009-06-11'),
 (697,1,14000,15820,5,'02:00:00','2009-06-11'),
 (698,1,14000,12385,5,'03:00:00','2009-06-11'),
 (699,1,14000,12469,5,'04:00:00','2009-06-11'),
 (700,1,14000,13186,5,'05:00:00','2009-06-11'),
 (701,1,14000,12526,5,'06:00:00','2009-06-11'),
 (702,1,14000,13073,5,'07:00:00','2009-06-11'),
 (703,1,14000,15784,5,'08:00:00','2009-06-11'),
 (704,1,14000,15703,5,'09:00:00','2009-06-11'),
 (705,1,14000,15161,5,'10:00:00','2009-06-11'),
 (706,1,14000,12695,5,'11:00:00','2009-06-11'),
 (707,1,14000,13995,5,'12:00:00','2009-06-11'),
 (708,1,14000,13887,5,'13:00:00','2009-06-11'),
 (709,1,14000,15453,5,'14:00:00','2009-06-11'),
 (710,1,14000,13603,5,'15:00:00','2009-06-11'),
 (711,1,14000,15655,5,'16:00:00','2009-06-11'),
 (712,1,14000,13466,5,'17:00:00','2009-06-11'),
 (713,1,14000,12366,5,'18:00:00','2009-06-11'),
 (714,1,14000,15432,5,'19:00:00','2009-06-11'),
 (715,1,14000,12062,5,'20:00:00','2009-06-11'),
 (716,1,14000,12016,5,'21:00:00','2009-06-11'),
 (717,1,14000,15891,5,'22:00:00','2009-06-11'),
 (718,1,14000,13407,5,'23:00:00','2009-06-11'),
 (719,1,12000,10342,0,'00:00:00','2009-06-12'),
 (720,1,12000,10090,0,'01:00:00','2009-06-12'),
 (721,1,12000,10423,0,'02:00:00','2009-06-12'),
 (722,1,12000,10844,0,'03:00:00','2009-06-12'),
 (723,1,12000,12952,0,'04:00:00','2009-06-12'),
 (724,1,12000,10229,0,'05:00:00','2009-06-12'),
 (725,1,12000,12287,0,'06:00:00','2009-06-12'),
 (726,1,12000,10747,0,'07:00:00','2009-06-12'),
 (727,1,12000,10877,0,'08:00:00','2009-06-12'),
 (728,1,12000,12143,0,'09:00:00','2009-06-12'),
 (729,1,12000,10085,0,'10:00:00','2009-06-12'),
 (730,1,12000,10994,0,'11:00:00','2009-06-12'),
 (731,1,12000,11716,0,'12:00:00','2009-06-12'),
 (732,1,12000,12597,0,'13:00:00','2009-06-12'),
 (733,1,12000,11838,0,'14:00:00','2009-06-12'),
 (734,1,12000,11397,0,'15:00:00','2009-06-12'),
 (735,1,12000,12472,0,'16:00:00','2009-06-12'),
 (736,1,12000,10171,0,'17:00:00','2009-06-12'),
 (737,1,12000,10438,0,'18:00:00','2009-06-12'),
 (738,1,12000,10676,0,'19:00:00','2009-06-12'),
 (739,1,12000,10068,0,'20:00:00','2009-06-12'),
 (740,1,12000,12311,0,'21:00:00','2009-06-12'),
 (741,1,12000,11351,0,'22:00:00','2009-06-12'),
 (742,1,12000,10820,0,'23:00:00','2009-06-12'),
 (743,1,10000,9080,1,'00:00:00','2009-06-13'),
 (744,1,10000,8224,1,'01:00:00','2009-06-13'),
 (745,1,10000,10881,1,'02:00:00','2009-06-13'),
 (746,1,10000,8735,1,'03:00:00','2009-06-13'),
 (747,1,10000,10028,1,'04:00:00','2009-06-13'),
 (748,1,10000,10939,1,'05:00:00','2009-06-13'),
 (749,1,10000,10609,1,'06:00:00','2009-06-13'),
 (750,1,10000,8230,1,'07:00:00','2009-06-13'),
 (751,1,10000,10323,1,'08:00:00','2009-06-13'),
 (752,1,10000,9924,1,'09:00:00','2009-06-13'),
 (753,1,10000,8653,1,'10:00:00','2009-06-13'),
 (754,1,10000,9490,1,'11:00:00','2009-06-13'),
 (755,1,10000,9492,1,'12:00:00','2009-06-13'),
 (756,1,10000,8989,1,'13:00:00','2009-06-13'),
 (757,1,10000,10468,1,'14:00:00','2009-06-13'),
 (758,1,10000,10374,1,'15:00:00','2009-06-13'),
 (759,1,10000,8468,1,'16:00:00','2009-06-13'),
 (760,1,10000,8215,1,'17:00:00','2009-06-13'),
 (761,1,10000,8673,1,'18:00:00','2009-06-13'),
 (762,1,10000,8718,1,'19:00:00','2009-06-13'),
 (763,1,10000,8573,1,'20:00:00','2009-06-13'),
 (764,1,10000,10710,1,'21:00:00','2009-06-13'),
 (765,1,10000,9832,1,'22:00:00','2009-06-13'),
 (766,1,10000,10030,1,'23:00:00','2009-06-13'),
 (767,1,8000,7371,2,'00:00:00','2009-06-14'),
 (768,1,8000,6759,2,'01:00:00','2009-06-14'),
 (769,1,8000,9681,2,'02:00:00','2009-06-14'),
 (770,1,8000,8128,2,'03:00:00','2009-06-14'),
 (771,1,8000,9597,2,'04:00:00','2009-06-14'),
 (772,1,8000,7602,2,'05:00:00','2009-06-14'),
 (773,1,8000,7220,2,'06:00:00','2009-06-14'),
 (774,1,8000,9292,2,'07:00:00','2009-06-14'),
 (775,1,8000,6801,2,'08:00:00','2009-06-14'),
 (776,1,8000,8129,2,'09:00:00','2009-06-14'),
 (777,1,8000,6240,2,'10:00:00','2009-06-14'),
 (778,1,8000,6813,2,'11:00:00','2009-06-14'),
 (779,1,8000,7348,2,'12:00:00','2009-06-14'),
 (780,1,8000,8299,2,'13:00:00','2009-06-14'),
 (781,1,8000,9453,2,'14:00:00','2009-06-14'),
 (782,1,8000,6365,2,'15:00:00','2009-06-14'),
 (783,1,8000,7466,2,'16:00:00','2009-06-14'),
 (784,1,8000,8237,2,'17:00:00','2009-06-14'),
 (785,1,8000,8787,2,'18:00:00','2009-06-14'),
 (786,1,8000,7226,2,'19:00:00','2009-06-14'),
 (787,1,8000,7765,2,'20:00:00','2009-06-14'),
 (788,1,8000,9150,2,'21:00:00','2009-06-14'),
 (789,1,8000,6456,2,'22:00:00','2009-06-14'),
 (790,1,8000,8829,2,'23:00:00','2009-06-14');
/*!40000 ALTER TABLE `valores_vendedor` ENABLE KEYS */;


--
-- Definition of table `vendedor_mercado`
--

DROP TABLE IF EXISTS `vendedor_mercado`;
CREATE TABLE `vendedor_mercado` (
  `VMID` int(10) unsigned NOT NULL auto_increment,
  `VMMETA` int(10) unsigned NOT NULL default '0',
  `VMRESTANTEMETA` int(10) unsigned NOT NULL default '0',
  `VMMETARATEADA` int(10) unsigned NOT NULL default '0',
  `VMTEMPOSEMVENDER` int(10) unsigned NOT NULL default '0',
  `VMTECNICAMERCADO` int(11) NOT NULL default '0',
  `PGID` int(10) unsigned NOT NULL,
  `VMLUACORRENTE` int(10) unsigned NOT NULL,
  `VMDATA` date NOT NULL,
  `VMHORA` time NOT NULL,
  PRIMARY KEY  (`VMID`)
) ENGINE=InnoDB AUTO_INCREMENT=4 DEFAULT CHARSET=latin1;

--
-- Dumping data for table `vendedor_mercado`
--

/*!40000 ALTER TABLE `vendedor_mercado` DISABLE KEYS */;
INSERT INTO `vendedor_mercado` (`VMID`,`VMMETA`,`VMRESTANTEMETA`,`VMMETARATEADA`,`VMTEMPOSEMVENDER`,`VMTECNICAMERCADO`,`PGID`,`VMLUACORRENTE`,`VMDATA`,`VMHORA`) VALUES 
 (1,0,0,0,0,0,0,0,'2009-06-07','19:31:39'),
 (2,0,0,0,0,0,0,0,'2007-06-09','19:41:05'),
 (3,0,0,0,0,0,0,0,'2007-06-09','19:42:27');
/*!40000 ALTER TABLE `vendedor_mercado` ENABLE KEYS */;


--
-- Definition of procedure `insereItemNegociado`
--

DROP PROCEDURE IF EXISTS `insereItemNegociado`;

DELIMITER $$

/*!50003 SET @TEMP_SQL_MODE=@@SQL_MODE, SQL_MODE='STRICT_TRANS_TABLES,NO_AUTO_CREATE_USER' */ $$
CREATE DEFINER=`bd`@`%` PROCEDURE `insereItemNegociado`(itemRelacional INT)
BEGIN
INSERT INTO ITEM_NEGOCIADO(IRID, PCID, PGID, BSID, ITID,
                           IRDURABILIDADE, IRVALBONUS1,
                           IRVALBONUS2, IRVALBONUS3,
                           IRVALBONUS4, IRVALBONUS5,
                           IRVALBONUS6)
SELECT IRID, PCID, PGID, BSID, ITID,
       IRDURABILIDADE, IRVALBONUS1,
       IRVALBONUS2, IRVALBONUS3,
       IRVALBONUS4, IRVALBONUS5,
       IRVALBONUS6
FROM ITEM_RELACIONAL WHERE IRID = itemRelacional;
END $$
/*!50003 SET SESSION SQL_MODE=@TEMP_SQL_MODE */  $$

DELIMITER ;

--
-- Definition of procedure `insereTransacao`
--

DROP PROCEDURE IF EXISTS `insereTransacao`;

DELIMITER $$

/*!50003 SET @TEMP_SQL_MODE=@@SQL_MODE, SQL_MODE='STRICT_TRANS_TABLES,NO_AUTO_CREATE_USER' */ $$
CREATE DEFINER=`bd`@`%` PROCEDURE `insereTransacao`( precoFinal INT, foiConcluida INT, tipoTrasacao INT, idVendedor INT, idPersonagem INT, idItemRelacional INT)
BEGIN

  CALL insereItemNegociado(idItemRelacional);

  INSERT INTO TRANSACAO(TRPRECOFINAL, TRFOICONCLUIDA, TRTIPO, VENDEDORID, PGID, INID)
  SELECT precoFinal, foiConcluida, tipoTrasacao, idVendedor, idPersonagem, I.INID
  FROM ITEM_NEGOCIADO I, ITEM_RELACIONAL IR
  WHERE I.IRID = IR.IRID
  AND I.PGID = idPersonagem
  AND IR.IRID = idItemRelacional;

END $$
/*!50003 SET SESSION SQL_MODE=@TEMP_SQL_MODE */  $$

DELIMITER ;

--
-- Definition of procedure `insereVendedorMercado`
--

DROP PROCEDURE IF EXISTS `insereVendedorMercado`;

DELIMITER $$

/*!50003 SET @TEMP_SQL_MODE=@@SQL_MODE, SQL_MODE='STRICT_TRANS_TABLES,NO_AUTO_CREATE_USER' */ $$
CREATE DEFINER=`bd`@`%` PROCEDURE `insereVendedorMercado`(meta INT, metaRes INT, metaRat INT, tempoSV INT, tecnica INT, idVendedor INT, lua INT)
BEGIN
INSERT INTO VENDEDOR_MERCADO
  (VMMETA, VMRESTANTEMETA, VMMETARATEADA,
   VMTEMPOSEMVENDER, VMTECNICOMERCADO,
   PGID, VMLUACORRENTE, VMDATA, VMHORA)
VALUES
 (meta, metaRes, metaRat, tempoSV, tecnica, idVendedor, lua, DATE_FORMAT(NOW(), '%d-%m-%y'), DATE_FORMAT(NOW(), '%H:%i:%s'));
END $$
/*!50003 SET SESSION SQL_MODE=@TEMP_SQL_MODE */  $$

DELIMITER ;



/*!40101 SET SQL_MODE=@OLD_SQL_MODE */;
/*!40014 SET FOREIGN_KEY_CHECKS=@OLD_FOREIGN_KEY_CHECKS */;
/*!40014 SET UNIQUE_CHECKS=@OLD_UNIQUE_CHECKS */;
/*!40101 SET CHARACTER_SET_CLIENT=@OLD_CHARACTER_SET_CLIENT */;
/*!40101 SET CHARACTER_SET_RESULTS=@OLD_CHARACTER_SET_RESULTS */;
/*!40101 SET COLLATION_CONNECTION=@OLD_COLLATION_CONNECTION */;
/*!40101 SET CHARACTER_SET_CLIENT=@OLD_CHARACTER_SET_CLIENT */;
